start_radius,end_radius,angle,percent,switch_radius
30,50,80,1,42.585823619267500817
30,50,80,2,41.628480157655431526
30,50,80,3,40.704421361426447845
30,50,80,4,39.813709561853933394
30,50,80,5,38.953727811795005209
30,50,80,6,38.127523439289106477
30,50,80,7,37.335137995668134181
30,50,80,8,36.576662632613619053
30,50,80,9,35.852192104998501065
30,50,80,10,35.159708576060239693
30,50,80,11,34.501588191518813176
30,50,80,12,33.877935419139703299
30,50,80,13,33.288865940613625583
30,50,80,14,32.73444252640842933
30,50,80,15,32.214803949358376656
30,50,80,16,31.73147061019923143
30,50,80,17,31.282983908065084222
30,50,80,18,30.870683168651414263
30,50,80,19,30.493381273366420459
30,50,80,20,30.152249341109840231
30,50,80,21,29.847190367324213156
30,50,80,22,29.578216201635239457
30,50,80,23,29.345300753692246332
30,50,80,24,29.147963010750320478
30,50,80,25,28.987393665101237161
30,50,80,26,28.863112187025809163
30,50,80,27,28.775505404915755037
30,50,80,28,28.724383718137030286
30,50,80,29,28.709760922987594967
30,50,80,30,28.731618504676699644
30,50,80,31,28.790152466698973655
30,50,80,32,28.885100740324048729
30,50,80,33,29.016293313892873584
30,50,80,34,29.183603443037888781
30,50,80,35,29.387539302020080356
30,50,80,36,29.628352454803248861
30,50,80,37,29.905453163930154403
30,50,80,38,30.217885691490106836
30,50,80,39,30.566520709789795518
30,50,80,40,30.950176642174248798
30,50,80,41,31.369931553840753935
30,50,80,42,31.824584084418919616
30,50,80,43,32.315414284750481499
30,50,80,44,32.842634291330867313
30,50,80,45,33.402934127555234056
30,50,80,46,33.997741202379366143
30,50,80,47,34.626990826890697406
30,50,80,48,35.292627713379729926
30,50,80,49,35.992705050596946137
30,50,80,50,36.724825084499656214
30,50,80,51,37.491030959994219529
30,50,80,52,38.291229873784473625
30,50,80,53,39.125332347238860109
30,50,80,54,39.990446037399621559
30,50,80,55,40.889091785733974405
30,50,80,56,41.818063407610743809
30,50,80,57,42.78011915561642553
30,50,80,58,43.775185223988991368
30,50,80,59,44.803099019195251174
30,50,80,60,45.86377267176692385
30,50,80,61,46.953343466308282927
30,50,80,62,48.075129455542317203
30,50,80,63,49.224972314232395831
30,50,80,64,50.406464387272151839
30,50,80,65,51.619416620326418865
30,50,80,66,52.86363000445082605
30,50,80,67,54.134334045260636969
30,50,80,68,55.435612160264746251
30,50,80,69,56.76722159777627752
30,50,80,70,58.128908173458071929
30,50,80,71,59.51526647519601454
30,50,80,72,60.930884700961151168
30,50,80,73,62.375462575337436988
30,50,80,74,63.854284539169654522
30,50,80,75,65.355988571814094712
30,50,80,76,66.885687350764797543
30,50,80,77,68.443035755800408992
30,50,80,78,70.027654613658839367
30,50,80,79,71.645521163139065379
30,50,80,80,73.283696611453933656
30,50,80,81,74.95462212393957202
30,50,80,82,76.644722046933324577
30,50,80,83,78.367027443403245002
30,50,80,84,80.107310197976858035
30,50,80,85,81.879201360802994714
30,50,80,86,83.675257737947177361
30,50,80,87,85.502593078245226366
30,50,80,88,87.353425444226289187
30,50,80,89,89.227243642221793607
30,50,80,90,91.123525548165574151
35,55,90,1,56.150094669171267014
35,55,90,2,54.735338641745720167
35,55,90,3,53.364108516831478823
35,55,90,4,52.032098965152826509
35,55,90,5,50.744164397825656465
35,55,90,6,49.500412558156234866
35,55,90,7,48.29705707360879785
35,55,90,8,47.134673863426286289
35,55,90,9,46.017307889567966583
35,55,90,10,44.945018423411035258
35,55,90,11,43.914707824164132433
35,55,90,12,42.926832256198643734
35,55,90,13,41.984729854504379887
35,55,90,14,41.08852177210227552
35,55,90,15,40.238192395403444834
35,55,90,16,39.431371826280226855
35,55,90,17,38.670855700582464465
35,55,90,18,37.956651559661416684
35,55,90,19,37.288867554622882494
35,55,90,20,36.667638138623161126
35,55,90,21,36.093034974924563585
35,55,90,22,35.565248932956507133
35,55,90,23,35.08581015962823102
35,55,90,24,34.654488088152128
35,55,90,25,34.271198812558829161
35,55,90,26,33.934944372684249458
35,55,90,27,33.646042851827054676
35,55,90,28,33.406139851644773842
35,55,90,29,33.21454606532319076
35,55,90,30,33.071677504724952712
35,55,90,31,32.977054393628066009
35,55,90,32,32.931156981477435863
35,55,90,33,32.933813271367270659
35,55,90,34,32.985027194359204827
35,55,90,35,33.084978549477675358
35,55,90,36,33.233179571088463433
35,55,90,37,33.430132961423836946
35,55,90,38,33.675414703210911682
35,55,90,39,33.969737049775346804
35,55,90,40,34.311430082865314262
35,55,90,41,34.700181870556946251
35,55,90,42,35.13701242519977086
35,55,90,43,35.62201187378075673
35,55,90,44,36.155416609314684706
35,55,90,45,36.735685203337091309
35,55,90,46,37.362631411346590937
35,55,90,47,38.034066797451814068
35,55,90,48,38.751705594095753327
35,55,90,49,39.51543563628515443
35,55,90,50,40.327747644961775109
35,55,90,51,41.186352876106404608
35,55,90,52,42.088297856509193196
35,55,90,53,43.033150877659444689
35,55,90,54,44.023615615523048916
35,55,90,55,45.059573507068400033
35,55,90,56,46.141045303221282836
35,55,90,57,47.264324946290514617
35,55,90,58,48.428808316931274192
35,55,90,59,49.638049354706978988
35,55,90,60,50.887734823222068314
35,55,90,61,52.181621600771613601
35,55,90,62,53.515123548542277376
35,55,90,63,54.89230897420901556
35,55,90,64,56.313040999355301608
35,55,90,65,57.772090622209873345
35,55,90,66,59.268750032558642715
35,55,90,67,60.802284322265123251
35,55,90,68,62.377601540387672685
35,55,90,69,63.994462291433421797
35,55,90,70,65.652611347985299517
35,55,90,71,67.345563082388522957
35,55,90,72,69.078882573650346899
35,55,90,73,70.852248782384876336
35,55,90,74,72.665323266666021595
35,55,90,75,74.51074956361911461
35,55,90,76,76.39477153185981706
35,55,90,77,78.309570189686638741
35,55,90,78,80.269350600424999698
35,55,90,79,82.258645249621892503
35,55,90,80,84.292410351710941541
35,55,90,81,86.354338134413225703
35,55,90,82,88.451729778818872774
35,55,90,83,90.584061202486083175
35,55,90,84,92.750783445601740596
35,55,90,85,94.96038046663733212
35,55,90,86,97.194375913446265258
35,55,90,87,99.470477138203051481
35,55,90,88,101.76932700212607585
35,55,90,89,104.10944491354982233
35,55,90,90,106.48069217714825641
35,55,90,91,108.89272803711534721
35,55,90,92,111.33496409515515779
35,55,90,93,113.79592542058318827
35,55,90,94,116.29618270761403664
35,55,90,95,118.82446066439885612
35,55,90,96,121.39141946720926057
35,55,90,97,123.98528884265691374
35,55,90,98,126.61715648483932739
35,55,90,99,129.26272729493246061
50,70,60,5,53.471755836981692767
50,70,60,12,50.224996113432119671
50,70,60,20,48.125900264188963718
50,70,60,28,47.766152025630503886
50,70,60,36,49.15131791087690516
50,70,60,44,52.264198185637788185
50,70,60,53,57.789737130289196898
50,70,60,61,64.445368016894136076
50,70,60,70,73.816415832579707512
50,70,60,78,83.752856204997200962
50,70,60,87,96.66446866048902109
50,70,80,1,70.778208362684637223
50,70,80,2,69.370512911241391407
50,70,80,3,68.003956351850789019
50,70,80,4,66.683125235971772327
50,70,80,5,65.403597407094480332
50,70,80,6,64.165636361532946808
50,70,80,7,62.969434323080129445
50,70,80,8,61.815243076430469671
50,70,80,9,60.703314303201118207
50,70,80,10,59.633826011905163966
50,70,80,11,58.607026633135539839
50,70,80,12,57.626188701046110907
50,70,80,13,56.68818597943244697
50,70,80,14,55.793284355274408881
50,70,80,15,54.941674420507553123
50,70,80,16,54.136042250253552766
50,70,80,17,53.374004506338273757
50,70,80,18,52.657892170809368793
50,70,80,19,51.98556775743755054
50,70,80,20,51.359281897944505602
50,70,80,21,50.778811367964401313
50,70,80,22,50.242623521463968927
50,70,80,23,49.753893866118787059
50,70,80,24,49.309613298325778885
50,70,80,25,48.912544568907307507
50,70,80,26,48.560317525766400593
50,70,80,27,48.255099984978720329
50,70,80,28,47.99593076125042046
50,70,80,29,47.78357928362972018
50,70,80,30,47.617346570967114872
50,70,80,31,47.497808478081765315
50,70,80,32,47.424848105978071544
50,70,80,33,47.398419304356487203
50,70,80,34,47.418713192383258104
50,70,80,35,47.485749849424053082
50,70,80,36,47.599257279808497856
50,70,80,37,47.75944165682011544
50,70,80,38,47.965739378645324109
50,70,80,39,48.218825742796383338
50,70,80,40,48.517943924870252204
50,70,80,41,48.864031363237813821
50,70,80,42,49.254951921530846448
50,70,80,43,49.693033784683350973
50,70,80,44,50.175546691386308851
50,70,80,45,50.705457475343813201
50,70,80,46,51.279624301688045307
50,70,80,47,51.901556484659870705
50,70,80,48,52.567589999364884079
50,70,80,49,53.277375927870956218
50,70,80,50,54.033115179433757191
50,70,80,51,54.832318783743524193
50,70,80,52,55.677435930895043725
50,70,80,53,56.565878573374597238
50,70,80,54,57.500342360762005001
50,70,80,55,58.477875867936589316
50,70,80,56,59.498299862906300461
50,70,80,57,60.561360031599079434
50,70,80,58,61.666806764304816113
50,70,80,59,62.814461278671096522
50,70,80,60,64.004071076700611798
50,70,80,61,65.239551545596356164
50,70,80,62,66.516851798829080167
50,70,80,63,67.835714684492884885
50,70,80,64,69.191268239171506593
50,70,80,65,70.587587331947020175
50,70,80,66,72.029393968654019886
50,70,80,67,73.511714813816297465
50,70,80,68,75.034304870582900548
50,70,80,69,76.591371836968647813
50,70,80,70,78.193442483764570738
50,70,80,71,79.834859726078633457
50,70,80,72,81.515277389972951028
50,70,80,73,83.234376677361879615
50,70,80,74,84.991781983975570824
50,70,80,75,86.787105881584281519
50,70,80,76,88.61998124210853689
50,70,80,77,90.489989163056350208
50,70,80,78,92.403864073486829511
50,70,80,79,94.354389618867614331
50,70,80,80,96.341107031031583574
50,70,80,81,98.355831943145417995
50,70,80,82,100.40543211357180553
50,70,80,83,102.49751612053562155
50,70,80,84,104.63213558795968083
50,70,80,85,106.80084535117686073
50,70,80,86,109.0031128692577056
50,70,80,87,111.23837123168532059
50,70,80,88,113.51514286252124464
50,70,80,89,115.8241366534278427
50,70,80,91,120.53635017810159979
50,70,80,92,122.93831482128059918
55,35,90,1,129.21439554932817373
55,35,90,2,126.54601164519962708
55,35,90,3,123.91547438299669182
55,35,90,4,121.32292711163204046
55,35,90,5,118.75728780751536817
55,35,90,6,116.23032064182844181
55,35,90,7,113.72061078726717653
55,35,90,8,111.26116878638744367
55,35,90,9,108.82045300636600871
55,35,90,10,106.4200325445581683
55,35,90,11,104.05007138503913211
55,35,90,12,101.71123485591540714
55,35,90,13,99.413656018962555549
55,35,90,14,97.138825741560737015
55,35,90,15,94.906090375728581421
55,35,90,16,92.697752551628269657
55,35,90,17,90.532278112348237187
55,35,90,18,88.40118792442007134
55,35,90,19,86.305030637684623684
55,35,90,20,84.236321755236019726
55,35,90,21,82.203982793370926174
55,35,90,22,80.208497741399668257
55,35,90,23,78.257731016376141042
55,35,90,24,76.344321672372913667
55,35,90,25,74.468699841040958631
55,35,90,26,72.624455501688871095
55,35,90,27,70.812557974516934678
55,35,90,28,69.04035899036284718
55,35,90,29,67.308196769085753886
55,35,90,30,65.616392137877241453
55,35,90,31,63.959383840012876021
55,35,90,32,62.343653097867779422
55,35,90,33,60.763997093473079758
55,35,90,34,59.226472396833862888
55,35,90,35,57.726167980118276546
55,35,90,36,56.273661491874747753
55,35,90,37,54.859112449619011898
55,35,90,38,53.487752939010121622
55,35,90,39,52.150945094254957723
55,35,90,40,50.85826951028126075
55,35,90,41,49.605763080297265333
55,35,90,42,48.401758982068251669
55,35,90,43,47.238444065128497584
55,35,90,44,46.116383281687255646
55,35,90,45,45.036058475760405884
55,35,90,46,44.00123126423030584
55,35,90,47,43.01195210554218562
55,35,90,48,42.068201901292283651
55,35,90,49,41.167347711697559021
55,35,90,50,40.312426187770107333
55,35,90,51,39.5010518240677726
55,35,90,52,38.736032232538946118
55,35,90,53,38.017372649186668809
55,35,90,54,37.345178493025507294
55,35,90,55,36.721338920467637479
55,35,90,56,36.14389730741843465
55,35,90,57,35.613047012686415371
55,35,90,58,35.128922254396272251
55,35,90,59,34.691788006108886577
55,35,90,60,34.302980269326099005
55,35,90,61,33.962361334346759634
55,35,90,62,33.669949428337872632
55,35,90,63,33.425722406034516609
55,35,90,64,33.22971816425835101
55,35,90,65,33.082460713882269943
55,35,90,66,32.983556096358569221
55,35,90,67,32.933282593505850855
55,35,90,68,32.931565855310743984
55,35,90,69,32.978507824530417736
55,35,90,70,33.074073232370722053
55,35,90,71,33.218403150613575292
55,35,90,72,33.410496076453242154
55,35,90,73,33.651351518012589281
55,35,90,74,33.940374252233013408
55,35,90,75,34.278565122333986892
55,35,90,76,34.664047504894405449
55,35,90,77,35.096459287217825818
55,35,90,78,35.577095009721425356
55,35,90,79,36.104428424136450815
55,35,90,80,36.68004011834426592
55,35,90,81,37.302376539295543978
55,35,90,82,37.971188956010799131
55,35,90,83,38.686434270438610383
55,35,90,84,39.445673044713863931
55,35,90,85,40.253429808346190555
55,35,90,86,41.107427190175108933
55,35,90,87,42.004724190884090262
55,35,90,88,42.94793094110171694
55,35,90,89,43.933789273131480968
55,35,90,90,44.965086999663704148
55,35,90,91,46.03837242420043907
55,35,90,92,47.156746478945301249
55,35,90,93,48.320150036341580346
55,35,90,94,49.524534816265536108
55,35,90,95,50.773537621010056853
55,35,90,96,52.062679977996708658
55,35,90,97,53.395913651839258307
55,35,90,98,54.768423695401203588
55,35,90,99,56.17458754373692642
55,75,90,2,86.910476159550796638
55,75,90,9,74.053772951032385663
55,75,90,17,62.705842117556677806
55,75,90,24,55.847930273630552733
55,75,90,32,51.675590830106990836
55,75,90,40,51.501665253959835411
55,75,90,47,54.636628548419523099
55,75,90,55,61.89968220515309838
55,75,90,62,71.346876605415260997
55,75,90,70,85.528325123578966327
55,75,90,78,103.08456200291267635
55,75,90,85,121.07558215380244349
55,75,90,93,144.45593452348583696
60,80,45,1,58.735191748149965463
60,80,45,2,58.438930240674238803
60,80,45,3,58.161203855280007247
60,80,45,4,57.90111678740120027
60,80,45,5,57.659460821228073257
60,80,45,6,57.436201484145165352
60,80,45,7,57.23067129175837664
60,80,45,8,57.042922373131631275
60,80,45,9,56.873577641034401609
60,80,45,10,56.72262483126719701
60,80,45,11,56.589973961483430287
60,80,45,12,56.475269603557833875
60,80,45,13,56.37918522621158246
60,80,45,14,56.30109288755910768
60,80,45,15,56.241308198661258189
60,80,45,16,56.199683340632631712
60,80,45,17,56.176461720479998974
60,80,45,18,56.171507295185321595
60,80,45,19,56.184818459701190818
60,80,45,20,56.216497323287640597
60,80,45,21,56.266358642926427081
60,80,45,22,56.334516350719162858
60,80,45,23,56.420682454179925003
60,80,45,24,56.525420098203518648
60,80,45,25,56.648114362949655742
60,80,45,26,56.789566994992611626
60,80,45,27,56.948947345140162213
60,80,45,28,57.126702029620076928
60,80,45,29,57.322277419051133052
60,80,45,30,57.536244955928545153
60,80,45,31,57.767905550554431215
60,80,45,32,58.017996683293532101
60,80,45,33,58.285714058380818869
60,80,45,34,58.571879471716094656
60,80,45,35,58.875622941287090839
60,80,45,36,59.197891234478461797
60,80,45,37,59.53878147332026316
60,80,45,38,59.897222575043315373
60,80,45,39,60.273157439907379285
60,80,45,40,60.666531846543527706
60,80,45,41,61.07860708308064801
60,80,45,42,61.508091423029469524
60,80,45,43,61.954940484028199421
60,80,45,44,62.419112011533862017
60,80,45,45,62.902120021548178386
60,80,45,46,63.402446140565785981
60,80,45,47,63.920056079144700334
60,80,45,48,64.454916972811787446
60,80,45,49,65.008797657058920549
60,80,45,50,65.57994646945890338
60,80,45,51,66.16833673837854235
60,80,45,52,66.771921135751711063
60,80,45,53,67.39254878373982649
60,80,45,54,68.030195006973173122
60,80,45,55,68.68701385729163178
60,80,45,56,69.360889406974479243
60,80,45,57,70.051800616715922843
60,80,45,58,70.759726330791224314
60,80,45,59,71.484615421898652698
60,80,45,60,72.226447816179856432
60,80,45,61,72.982605904625032167
60,80,45,62,73.758178151207189899
60,80,45,63,74.550602735753997763
60,80,45,64,75.359831376507273148
60,80,45,65,76.183008971848821034
60,80,45,66,77.022822693947290418
60,80,45,67,77.88221835360310763
60,80,45,68,78.758303515749545909
60,80,45,69,79.647923388456192129
60,80,45,70,80.554056062312241693
60,80,45,71,81.476649943943883159
60,80,45,72,82.41565409549500032
60,80,45,73,83.371063466386971186
60,80,45,74,84.342824704673844849
60,80,45,75,85.330884889602586441
60,80,45,76,86.331617302949268833
60,80,45,77,87.348448419003304366
60,80,45,78,88.385079006467080376
60,80,45,79,89.4378499258935733
60,80,45,80,90.502822333347751282
60,80,45,81,91.583719692068711993
60,80,45,82,92.680480115558040666
60,80,45,83,93.793041663250718898
60,80,45,84,94.921376797060034392
60,80,45,85,96.065419972560874839
60,80,45,86,97.2251054472352223
60,80,45,87,98.395987517077429629
60,80,45,88,99.582264934321216288
60,80,45,89,100.78842611507667471
60,80,45,90,102.00999869006757592
60,80,45,91,103.24692443736013558
60,80,45,92,104.49435704528480073
60,80,45,93,105.75685869814041951
60,80,45,94,107.03436378214595948
60,80,45,95,108.3267919707270579
60,80,45,96,109.63407416537140193
60,80,45,97,110.95613874377689001
60,80,45,98,112.29290061930959155
60,80,45,99,113.63896351638499027
70,50,60,8,104.55568216700538642
70,50,60,9,102.93246057249709224
70,50,60,10,101.32602113941113942
70,50,60,11,99.736762795476749943
70,50,60,13,96.629080829087996563
70,50,60,14,95.110757762133189885
70,50,60,15,93.61049939612608739
70,50,60,16,92.134239092766293311
70,50,60,17,90.676564732101823552
70,50,60,18,89.243173254657236271
70,50,60,19,87.828866146508133284
70,50,60,20,86.439106197026049472
70,50,60,21,85.068906507497899838
70,50,60,22,83.723498146171550616
70,50,60,23,82.398103829376125873
70,50,60,24,81.097725496990989313
70,50,60,25,79.822351971047453389
70,50,60,26,78.571995113644177877
70,50,60,27,77.34229327515845398
70,50,60,28,76.133533863992639112
70,50,60,29,74.950159354788141286
70,50,60,30,73.792169686987520549
70,50,60,31,72.655607787312007417
70,50,60,32,71.540737847476421507
70,50,60,33,70.451569059437261444
70,50,60,34,69.388092342431207271
70,50,60,35,68.346748038694357774
70,50,60,36,67.32778018090412786
70,50,60,37,66.334778337345397858
70,50,60,38,65.36772819293364023
70,50,60,39,64.42346117390860627
70,50,60,40,63.505224246675282984
70,50,60,41,62.610080596599701153
70,50,60,42,61.741119679655227515
70,50,60,43,60.895514707299206236
70,50,60,44,60.076202135822079242
70,50,60,45,59.28312816039789368
70,50,60,46,58.516239985613474062
70,50,60,47,57.775533667909208191
70,50,60,48,57.058705023076420559
70,50,60,49,56.365970315727118134
70,50,60,51,55.059805823896695642
70,50,60,52,54.446351532710878018
70,50,60,53,53.859274240644566589
70,50,60,54,53.298602124654365753
70,50,60,55,52.764317945688922862
70,50,60,56,52.25487545301928094
70,50,60,57,51.772017602017626814
70,50,60,58,51.315746565391833656
70,50,60,61,50.110303210904397986
70,50,60,62,49.761621380868206188
70,50,60,63,49.440569427126185076
70,50,60,64,49.146131096131512095
70,50,60,65,48.878381242219354874
70,50,60,66,48.637406166365920512
70,50,60,67,48.423955910946425263
70,50,60,68,48.237911502659493124
70,50,60,70,47.946938615043499965
70,50,60,71,47.842159060974850604
70,50,60,72,47.764984649995888333
70,50,60,73,47.714900607918821152
70,50,60,74,47.692182938255918145
70,50,60,75,47.696680086749545069
70,50,60,76,47.728526181268584594
70,50,60,77,47.787677201678910421
70,50,60,79,47.987823006033984541
70,50,60,80,48.128723922249804446
70,50,60,81,48.296497851349421637
70,50,60,82,48.491606363756986298
70,50,60,83,48.714158480123074924
70,50,60,84,48.964278081494406081
70,50,60,85,49.241191851441193705
70,50,60,86,49.54481778435783923
70,50,60,87,49.875085170163231396
70,50,60,88,50.233043097538669031
70,50,60,89,50.617628984453915564
70,50,60,90,51.02880633362899232
70,50,60,91,51.466547704043428269
70,50,60,92,51.930778870829435334
70,50,60,93,52.421491152165835103
70,50,60,94,52.938683192444486281
70,50,60,95,53.482307453349299919
70,50,60,96,54.052378225685011159
70,50,60,97,54.648915465435607075
70,50,60,98,55.271893801771994958
70,50,80,1,140.68164117471346231
70,50,80,2,138.03919358969008613
70,50,80,3,135.42390225403366344
70,50,80,4,132.84722319307829252
70,50,80,5,130.29873567988889249
70,50,80,6,127.78945432273103222
70,50,80,7,125.31945328186358779
70,50,80,8,122.87889709115115977
70,50,80,9,120.46845306084429694
70,50,80,10,118.08876613772625319
70,50,80,11,115.74976179623388362
70,50,80,12,113.45146413204405178
70,50,80,13,111.1849884890472282
70,50,80,14,108.95091827971330645
70,50,80,15,106.74983369282924173
70,50,80,16,104.58230139904836165
70,50,80,17,102.44885367563935574
70,50,80,18,100.35793101633117885
70,50,80,19,98.301767175905283125
70,50,80,20,96.288369975038222037
70,50,80,21,94.30297621618466053
70,50,80,22,92.360937017087323397
70,50,80,23,90.448190977732025431
70,50,80,24,88.579300701362015502
70,50,80,25,86.747535764027546179
70,50,80,26,84.953314899649470249
70,50,80,27,83.197005047382774023
70,50,80,28,81.478993484150080917
70,50,80,29,79.799655686221214523
70,50,80,30,78.159310287494392355
70,50,80,31,76.558303358134523364
70,50,80,32,74.996970570731050998
70,50,80,33,73.475586032824040217
70,50,80,34,71.994459140640117312
70,50,80,35,70.558687102657856371
70,50,80,36,69.158760630026250738
70,50,80,37,67.799910205735031354
70,50,80,38,66.482346550800983209
70,50,80,39,65.210516595888265101
70,50,80,40,63.980188657665074459
70,50,80,41,62.787762199126859741
70,50,80,42,61.637584067214056915
70,50,80,43,60.533369727635495394
70,50,80,44,59.471603043389201559
70,50,80,45,58.452463894139299327
70,50,80,46,57.476127396452397988
70,50,80,47,56.545768947530184789
70,50,80,48,55.658453397724066747
70,50,80,49,54.814373491309460462
70,50,80,50,54.016194819219983003
70,50,80,51,53.261560763409725894
70,50,80,52,52.55278267871144493
70,50,80,53,51.887749497140738697
70,50,80,54,51.268693675745311111
70,50,80,55,50.693752590352161747
70,50,80,56,50.164820470337048164
70,50,80,57,49.681920323246970383
70,50,80,58,49.246224005267443147
70,50,80,59,48.85518919659814685
70,50,80,60,48.511193905176071439
70,50,80,61,48.212235112196950126
70,50,80,62,47.960302100318827456
70,50,80,63,47.755049986558219643
70,50,80,64,47.596012874010078519
70,50,80,65,47.483649831348529347
70,50,80,66,47.417654899993813444
70,50,80,67,47.398458769055601181
70,50,80,68,47.425743004158192662
70,50,80,69,47.499534359944391326
70,50,80,70,47.61990512532414499
70,50,80,71,47.786973009706095183
70,50,80,72,48.000900947732311863
70,50,80,73,48.261016102597409372
70,50,80,74,48.567183003492246485
70,50,80,75,48.919304717824985573
70,50,80,76,49.318525277497784032
70,50,80,77,49.76377186778588424
70,50,80,78,50.255059638958883284
70,50,80,79,50.790703046734677173
70,50,80,80,51.37215878830428295
70,50,80,81,51.999530350394856271
70,50,80,82,52.672857004667925196
70,50,80,83,53.389979200752527788
70,50,80,84,54.150657673994892605
70,50,80,85,54.957194996607924509
70,50,80,86,55.809719411219788299
70,50,80,87,56.705542359979098421
70,50,80,88,57.644473493181514812
70,50,80,89,58.626247196920736826
70,50,80,90,59.653992963775650082
70,50,80,91,60.72443548334762653
70,50,80,92,61.837326507395609099
70,50,80,93,62.992488137801544212
70,50,80,94,64.189668816017075414
70,50,80,95,65.428616848061338374
70,50,80,96,66.709140048094582198
70,50,80,97,68.030974967830047717
70,50,80,98,69.398547213671108125
70,50,80,99,70.797541655309245812
70,90,60,1,80.353129109538571129
70,90,60,2,79.454676116228910132
70,90,60,3,78.587938982988362113
70,90,60,4,77.755537786225886521
70,90,60,5,76.952101206020742552
70,90,60,6,76.182826149813550387
70,90,60,7,75.442732855913931189
70,90,60,8,74.734459145276105119
70,90,60,9,74.057951471809815303
70,90,60,10,73.413294840966017318
70,90,60,11,72.802453493319632116
70,90,60,12,72.221572283701988226
70,90,60,13,71.674372234026122896
70,90,60,14,71.15906187182160636
70,90,60,15,70.677219968173574216
70,90,60,16,70.225880953103398951
70,90,60,17,69.806726510280753928
70,90,60,18,69.420981052279216783
70,90,60,19,69.068537865437974688
70,90,60,20,68.749232550350825477
70,90,60,21,68.46120417106969569
70,90,60,22,68.206389732924677105
70,90,60,23,67.984054808993420238
70,90,60,24,67.795469338909839507
70,90,60,25,67.639370350515520158
70,90,60,26,67.516344448810514223
70,90,60,27,67.426255451987657352
70,90,60,28,67.369135623628139342
70,90,60,29,67.344957158505366124
70,90,60,30,67.353735310837222983
70,90,60,31,67.395420190171151376
70,90,60,32,67.470059270002323615
70,90,60,33,67.577688866973630866
70,90,60,34,67.718285310612131411
70,90,60,35,67.891993212621272846
70,90,60,36,68.098179705917800675
70,90,60,37,68.337405834458238019
70,90,60,38,68.60893899270203633
70,90,60,39,68.9135749896365013
70,90,60,40,69.251458151765405091
70,90,60,41,69.621514765366370625
70,90,60,42,70.024967484531970285
70,90,60,43,70.460560865534120012
70,90,60,44,70.929679942207471299
70,90,60,45,71.429304446434144893
70,90,60,46,71.962518248505389806
70,90,60,47,72.527692749558710261
70,90,60,48,73.124710829030917125
70,90,60,49,73.753601538100994617
70,90,60,50,74.414264675974763463
70,90,60,51,75.108906363555959729
70,90,60,52,75.833072313833525868
70,90,60,53,76.588896340867393064
70,90,60,54,77.3763745046306326
70,90,60,55,78.195445723003956573
70,90,60,56,79.04611808025512687
70,90,60,57,79.928403264163819131
70,90,60,58,80.842257316331171069
70,90,60,59,81.787701180785475685
70,90,60,60,82.761457013644559311
70,90,60,61,83.766583380360188471
70,90,60,62,84.803106403819981551
70,90,60,63,85.870999657731019283
70,90,60,64,86.970294246072413102
70,90,60,65,88.097137756657062369
70,90,60,66,89.255173512421563942
70,90,60,67,90.444431566710221659
70,90,60,68,91.664893037793504504
70,90,60,69,92.912226282498679097
70,90,60,70,94.190595512848872772
70,90,60,71,95.495372914831420985
70,90,60,72,96.83564571789298725
70,90,60,73,98.197273953719047768
70,90,60,74,99.594410904911939042
70,90,60,75,101.01726770275696765
70,90,60,76,102.47064456891763484
70,90,60,77,103.94923553289342522
70,90,60,78,105.45812396268408406
70,90,60,79,106.9972761602813307
70,90,60,80,108.56669369966488148
70,90,60,81,110.16050149341522513
70,90,60,82,111.78428161841763711
70,90,60,83,113.43188818581354838
70,90,60,84,115.10915435735459766
70,90,60,85,116.81605855472184885
70,90,60,86,118.55254606236036352
70,90,60,87,120.31192276522131124
70,90,60,88,122.09376005149027833
70,90,60,89,123.90452898448027952
70,90,60,90,125.75122947726929112
70,90,60,91,127.61979801822181457
70,90,60,92,129.51712409945500326
70,90,60,93,131.43566331808068526
70,90,60,94,133.39014533879287683
70,90,60,95,135.36540865093846264
70,90,60,96,137.36884925637150445
70,90,60,97,139.39234449485923051
70,90,60,98,141.44355874003898066
70,90,60,99,143.50575049345869161
80,60,45,1,113.61770347007086457
80,60,45,2,112.26146535161660722
80,60,45,3,110.92516716975205782
80,60,45,4,109.60356451182045134
80,60,45,5,108.29674244271839711
80,60,45,6,107.00477256340830934
80,60,45,7,105.7277239449280728
80,60,45,8,104.46567690058472522
80,60,45,9,103.21869701905286831
80,60,45,10,101.98222379819502237
80,60,45,11,100.76110180110970305
80,60,45,12,99.555389229250195626
80,60,45,13,98.369556777421166771
80,60,45,14,97.199117703350310649
80,60,45,15,96.039874871619971941
80,60,45,16,94.896272302881214955
80,60,45,17,93.768375731748236035
80,60,45,18,92.656250695972062204
80,60,45,19,91.55992471011370526
80,60,45,20,90.479459710625263824
80,60,45,21,89.414917579172794149
80,60,45,22,88.362576376660740607
80,60,45,23,87.326373372515504911
80,60,45,24,86.309966190744603409
80,60,45,25,85.309655600324916236
80,60,45,26,84.322016610179147733
80,60,45,27,83.350674415907320736
80,60,45,28,82.395681942752801774
80,60,45,29,81.457092550859002245
80,60,45,30,80.534911280213577811
80,60,45,31,79.626075780898872836
80,60,45,32,78.73692408690196487
80,60,45,33,77.86130580197405493
80,60,45,34,77.005309818362931651
80,60,45,35,76.16589806203606372
80,60,45,36,75.343120341411790264
80,60,45,37,74.534290849137150303
80,60,45,38,73.742263319767204166
80,60,45,39,72.967086060137447134
80,60,45,40,72.211319592539567225
80,60,45,41,71.469878120409376265
80,60,45,42,70.745377947869798163
80,60,45,43,70.037839170084467355
80,60,45,44,69.347312949303628216
80,60,45,45,68.673820468484805701
80,60,45,46,68.017382795563932518
80,60,45,47,67.378053906916761662
80,60,45,48,66.757854413051248343
80,60,45,49,66.152760626007250266
80,60,45,50,65.566753053498530335
80,60,45,51,64.996027052526244461
80,60,45,52,64.444350714741062802
80,60,45,53,63.909857725692248209
80,60,45,54,63.39261416470041155
80,60,45,55,62.892652948261527968
80,60,45,56,62.410008419470301533
80,60,45,57,61.946197855536382804
80,60,45,58,61.499708477511852323
80,60,45,59,61.070582598303502664
80,60,45,60,60.658864658868083097
80,60,45,61,60.265845336081348194
80,60,45,62,59.890264555383197376
80,60,45,63,59.532176601507430291
80,60,45,64,59.191638649890137458
80,60,45,65,58.869720762796362123
80,60,45,66,58.566325918159371611
80,60,45,67,58.28050853277059673
80,60,45,68,58.013137592338821946
80,60,45,69,57.763392472468517269
80,60,45,70,57.532076488079781029
80,60,45,71,57.318453329801393181
80,60,45,72,57.122655421022720645
80,60,45,73,56.945287235217698196
80,60,45,74,56.78629209275241152
80,60,45,75,56.645661017067439502
80,60,45,76,56.523307204668192583
80,60,45,77,56.418910390914064124
80,60,45,78,56.332859378501574099
80,60,45,79,56.265084015196251244
80,60,45,80,56.21560458162124263
80,60,45,81,56.184405068699383889
80,60,45,82,56.171432966184546842
80,60,45,83,56.176726421410023704
80,60,45,84,56.200287163478066077
80,60,45,85,56.242252384437463775
80,60,45,86,56.302376700738470561
80,60,45,87,56.38080907850827117
80,60,45,88,56.477232961910672771
80,60,45,89,56.592278518023022116
80,60,45,90,56.725270273604913029
80,60,45,91,56.876564806600036661
80,60,45,92,57.046252220372245745
80,60,45,93,57.234344886423755838
80,60,45,94,57.440218923276830765
80,60,45,95,57.663822281171078998
80,60,45,96,57.905823629457657375
80,60,45,97,58.166257543794294804
80,60,45,98,58.444331245920125184
80,60,45,99,58.738997732883881042
80,100,45,1,80.412755521750270304
80,100,45,2,79.999303088630213665
80,100,45,3,79.608712283714808677
80,100,45,4,79.238385636517080002
80,100,45,5,78.889524733780490351
80,100,45,6,78.560004633287704223
80,100,45,7,78.252012184956669216
80,100,45,8,77.965464774357897682
80,100,45,9,77.70033399848195188
80,100,45,10,77.455778511766283145
80,100,45,11,77.232572066905291308
80,100,45,12,77.030702771545250584
80,100,45,13,76.85011568325334963
80,100,45,14,76.690259241459870054
80,100,45,15,76.551709092858757799
80,100,45,16,76.434426945198495673
80,100,45,17,76.338128415170274366
80,100,45,18,76.263155706834297121
80,100,45,19,76.209487826554592971
80,100,45,20,76.177211259678287547
80,100,45,21,76.166098881040639412
80,100,45,22,76.176229268481279178
80,100,45,23,76.20764018978101717
80,100,45,24,76.260340451737491207
80,100,45,25,76.334112702544260287
80,100,45,26,76.429092690665513032
80,100,45,27,76.545306739233609505
80,100,45,28,76.682787017626779402
80,100,45,29,76.841571526481985188
80,100,45,30,77.021704077739897798
80,100,45,31,77.22255057750443541
80,100,45,32,77.444731631655045589
80,100,45,33,77.687489297913472797
80,100,45,34,77.952426071607433755
80,100,45,35,78.237941629964922186
80,100,45,36,78.544898641226026825
80,100,45,37,78.872337616379013525
80,100,45,38,79.22126673054360424
80,100,45,39,79.590551835480354725
80,100,45,40,79.981394549278817863
80,100,45,41,80.392532491604981715
80,100,45,42,80.825266562763644629
80,100,45,43,81.278251690959223197
80,100,45,44,81.75293517592926662
80,100,45,45,82.247795193129704217
80,100,45,46,82.762760543607171826
80,100,45,47,83.297762354606248891
80,100,45,48,83.854542036384941639
80,100,45,49,84.431311381766889212
80,100,45,50,85.030003840370909529
80,100,45,51,85.648695502210699715
80,100,45,52,86.287288534763064263
80,100,45,53,86.945771395686776373
80,100,45,54,87.624049656968466593
80,100,45,55,88.324385677046208798
80,100,45,56,89.044549733082334342
80,100,45,57,89.784454345070130898
80,100,45,58,90.544053801285457439
80,100,45,59,91.323302741054277476
80,100,45,60,92.124839802654364007
80,100,45,61,92.946036570225572859
80,100,45,62,93.786851287836796587
80,100,45,63,94.647241998484147985
80,100,45,64,95.527130537924648479
80,100,45,65,96.426476029292714998
80,100,45,66,97.345237009170290321
80,100,45,67,98.283337080594620261
80,100,45,68,99.24073515494777098
80,100,45,69,100.21738921112277865
80,100,45,70,101.21322361524536859
80,100,45,71,102.23175821786514916
80,100,45,72,103.26589309110363502
80,100,45,73,104.32276717578969283
80,100,45,74,105.39499614041143616
80,100,45,75,106.49000268696070748
80,100,45,76,107.60008331244074498
80,100,45,77,108.733008637906849
80,100,45,78,109.88072261764982329
80,100,45,79,111.05131655636024846
80,100,45,80,112.23643700526653788
80,100,45,81,113.44447013229498111
80,100,45,82,114.66673368124929766
80,100,45,83,115.91196631232195102
80,100,45,84,117.17112696925111948
80,100,45,85,118.45328295366620353
80,100,45,86,119.74908302367688862
80,100,45,87,121.0679006288444981
80,100,45,88,122.40499404309284159
80,100,45,89,123.76027597776037226
80,100,45,90,125.13368084854459994
80,100,45,91,126.51993713024438648
80,100,45,92,127.92399241277010447
80,100,45,93,129.34577375453267223
80,100,45,94,130.7906475092103733
80,100,45,95,132.25324319744359514
80,100,45,96,133.73348357958312249
80,100,45,97,135.22556537983211911
80,100,45,98,136.74075319412440876
80,100,45,99,138.26152311035883713
90,70,60,6,133.34445828041737059
90,70,60,7,131.39081295822410311
90,70,60,8,129.47310249594556808
90,70,60,9,127.57660358378619492
90,70,60,10,125.70885738131099174
90,70,60,11,123.86297744823873757
90,70,60,12,122.05302104667605079
90,70,60,13,120.27199135710370115
90,70,60,14,118.51342029174831794
90,70,60,15,116.77773634207464681
90,70,60,16,115.07163056055638606
90,70,60,17,113.39515765954320159
90,70,60,18,111.74833919121709869
90,70,60,19,110.12534483572591171
90,70,60,20,108.53231756368866456
90,70,60,21,106.96367808054230863
90,70,60,22,105.42529861930358948
90,70,60,23,103.91717760787000202
90,70,60,24,102.43934875685772568
90,70,60,25,100.98673138453604281
90,70,60,26,99.559680336191320293
90,70,60,27,98.163406323526530173
90,70,60,28,96.797932761093790077
90,70,60,29,95.463239895135941993
90,70,60,30,94.15930515986053706
90,70,60,31,92.886150547120450938
90,70,60,32,91.639544754213360989
90,70,60,33,90.419807968048658608
90,70,60,34,89.23126937727103325
90,70,60,35,88.073947936488821142
90,70,60,36,86.947813653369294684
90,70,60,37,85.849225638061085419
90,70,60,38,84.782033971031239616
90,70,60,39,83.746207631608839961
90,70,60,40,82.741773150361339617
90,70,60,41,81.768704497122683961
90,70,60,42,80.823945455283279671
90,70,60,43,79.910771694619867844
90,70,60,44,79.029162389375898101
90,70,60,45,78.179161636118834622
90,70,60,46,77.360757875689913021
90,70,60,47,76.571473500515423893
90,70,60,48,75.816397789995576773
90,70,60,49,75.092975081879956178
90,70,60,50,74.401281478597454111
90,70,60,51,73.739235341376229371
90,70,60,52,73.109151845834034589
90,70,60,53,72.512945068540318516
90,70,60,54,71.950356430187099477
90,70,60,55,71.41953646752561724
90,70,60,56,70.92054507344779779
90,70,60,57,70.452058956271301327
90,70,60,58,70.017094637111725319
90,70,60,59,69.614269313777825232
90,70,60,60,69.244836722214500924
90,70,60,61,68.90757641935269362
90,70,60,62,68.603560443484312259
90,70,60,63,68.332644751432539465
90,70,60,64,68.094035737965000976
90,70,60,65,67.888464364604260481
90,70,60,66,67.715371784028519642
90,70,60,67,67.575389243842565179
90,70,60,68,67.468372432496195756
90,70,60,69,67.394345315869301771
90,70,60,70,67.353271872811177445
90,70,60,71,67.345106821072519665
90,70,60,72,67.370049957754716274
90,70,60,73,67.427857917211099448
90,70,60,74,67.518635908254950095
90,70,60,75,67.642428078121497492
90,70,60,76,67.7992186680949942
90,70,60,77,67.988495603820055635
90,70,60,78,68.210834682459193345
90,70,60,79,68.466267311299631615
90,70,60,80,68.754916307730198355
90,70,60,81,69.075917345035932726
90,70,60,82,69.429062010563967533
90,70,60,83,69.815513127530465454
90,70,60,84,70.234061327031511723
90,70,60,85,70.686031282899421058
90,70,60,86,71.16850415699173027
90,70,60,87,71.684449713552382377
90,70,60,88,72.232287423877664878
90,70,60,89,72.813811014464505433
90,70,60,90,73.425295585108315777
90,70,60,91,74.070600557727317437
90,70,60,92,74.747759855934845064
90,70,60,93,75.456688662022713743
90,70,60,94,76.197440673750961082
90,70,60,95,76.9699443232249223
90,70,60,96,77.774137174847609799
90,70,60,97,78.607297725199941851
90,70,60,98,79.471960506070544739
90,70,60,99,80.3650636552714559
90,110,45,1,91.612654140518984036
90,110,45,2,91.132424830578628416
90,110,45,3,90.67397980095338994
90,110,45,4,90.238755311441622098
90,110,45,5,89.825326271738617834
90,110,45,6,89.436283252478389727
90,110,45,7,89.06903550679585635
90,110,45,8,88.723694711992735051
90,110,45,9,88.400376494330870969
90,110,45,10,88.100152330065711226
90,110,45,11,87.822945327106964442
90,110,45,12,87.568684281695908567
90,110,45,13,87.337303708615138476
90,110,45,14,87.128135817446363376
90,110,45,15,86.941861598572103276
90,110,45,16,86.777969249032210541
90,110,45,17,86.637450015285281779
90,110,45,18,86.519377454142187389
90,110,45,19,86.424465598031815716
90,110,45,20,86.352088632173845895
90,110,45,21,86.302581895658889266
90,110,45,22,86.275878284786557515
90,110,45,23,86.272024734717902561
90,110,45,24,86.291020229034032241
90,110,45,25,86.332815784832277473
90,110,45,26,86.397476474580500394
90,110,45,27,86.484689300628602382
90,110,45,28,86.595029320648023941
90,110,45,29,86.727829274876796717
90,110,45,30,86.883964730237480012
90,110,45,31,87.062491377790237834
90,110,45,32,87.263894563398778814
90,110,45,33,87.487516005338818559
90,110,45,34,87.733996979158334284
90,110,45,35,88.003401021113234037
90,110,45,36,88.295797395716675737
90,110,45,37,88.611261065292097783
90,110,45,38,88.948743685725759178
90,110,45,39,89.30933032580604447
90,110,45,40,89.691835439003909869
90,110,45,41,90.097449303642122231
90,110,45,42,90.524899631359957652
90,110,45,43,90.97553364379278662
90,110,45,44,91.447888816008202184
90,110,45,45,91.943520360817032611
90,110,45,46,92.460824610447957639
90,110,45,47,93.001465159071031508
90,110,45,48,93.561871756427592572
90,110,45,49,94.145604154269435071
90,110,45,50,94.750771969316275545
90,110,45,51,95.37935572654943428
90,110,45,52,96.029367287104818729
90,110,45,53,96.702946548695962292
90,110,45,54,97.397911346216275774
90,110,45,55,98.114198193758340949
90,110,45,56,98.851744762041320769
90,110,45,57,99.613012100964368756
90,110,45,58,100.39551758709204421
90,110,45,59,101.19920466666073366
90,110,45,60,102.02401730585643236
90,110,45,61,102.869857943760735
90,110,45,62,103.73963588459440643
90,110,45,63,104.63048166375938308
90,110,45,64,105.54230302126447327
90,110,45,65,106.47508951733087201
90,110,45,66,107.42874948762998599
90,110,45,67,108.4065619406539156
90,110,45,68,109.4018474372336982
90,110,45,69,110.4178163001110704
90,110,45,70,111.45441737356890144
90,110,45,71,112.51526168997854427
90,110,45,72,113.59675394441913454
90,110,45,73,114.69884360341006868
90,110,45,74,115.81752695957763422
90,110,45,75,116.96054714555359055
90,110,45,76,118.1239722569996502
90,110,45,77,119.30771526524871717
90,110,45,78,120.51175469498434722
90,110,45,79,121.73600131573644489
90,110,45,80,122.98483353900901704
90,110,45,81,124.24936795134070167
90,110,45,82,125.53390429000685913
90,110,45,83,126.83838141958634083
90,110,45,84,128.16270731386725856
90,110,45,85,129.50681860564174031
90,110,45,86,130.87064970787361062
90,110,45,87,132.25919058625424896
90,110,45,88,133.66745899855669677
90,110,45,89,135.09538620118530616
90,110,45,90,136.53754482348321631
90,110,45,91,137.99901886112363059
90,110,45,92,139.47973232512057962
90,110,45,93,140.98521275349366988
90,110,45,94,142.50992755982659332
90,110,45,95,144.05379670065858022
90,110,45,96,145.6167374507849388
90,110,45,97,147.1986428527308135
90,110,45,98,148.79942670034179741
90,110,45,99,150.40662323844588855
100,80,45,1,138.23796479170093221
100,80,45,2,136.70592740961654954
100,80,45,3,135.1912685298650274
100,80,45,4,133.6997116939940895
100,80,45,5,132.21999627035498293
100,80,45,6,130.75792351408918535
100,80,45,7,129.31357064114246214
100,80,45,8,127.89230619147680557
100,80,45,9,126.48876575490780283
100,80,45,10,125.10302225133258958
100,80,45,11,123.73012995698776706
100,80,45,12,122.37535847180411963
100,80,45,13,121.03877336783321539
100,80,45,14,119.72046192112325969
100,80,45,15,118.42516401850025431
100,80,45,16,117.14350987822767536
100,80,45,17,115.88484708425833958
100,80,45,18,114.64011193631340291
100,80,45,19,113.41834191336967308
100,80,45,20,112.21080189652133186
100,80,45,21,111.02617061457290504
100,80,45,22,109.85606539683915628
100,80,45,23,108.70883622384697276
100,80,45,24,107.57639522570273982
100,80,45,25,106.46679504648470527
100,80,45,26,105.37226845046070878
100,80,45,27,104.30051558634079356
100,80,45,28,103.24411709632542511
100,80,45,29,102.21045401368459693
100,80,45,30,101.19239068209178356
100,80,45,31,100.19702379830583538
100,80,45,32,99.220835152432371729
100,80,45,33,98.263900399080839065
100,80,45,34,97.326261574844451729
100,80,45,35,96.407959786261855584
100,80,45,36,95.509071456411462009
100,80,45,37,94.629638070660888616
100,80,45,38,93.769700528443294729
100,80,45,39,92.929337028071827831
100,80,45,40,92.108589554370851715
100,80,45,41,91.307499893343191388
100,80,45,42,90.528695023181512624
100,80,45,43,89.769537839579612637
100,80,45,44,89.030073742983574903
100,80,45,45,88.310348481191255132
100,80,45,46,87.610449584652840826
100,80,45,47,86.932605389628946568
100,80,45,48,86.274555034760453509
100,80,45,49,85.636393001055722607
100,80,45,50,85.018130875653056933
100,80,45,51,84.419866547096731324
100,80,45,52,83.843522611054069671
100,80,45,53,83.287167070588779438
100,80,45,54,82.750906864700198184
100,80,45,55,82.23641719713289433
100,80,45,56,81.74203128059595258
100,80,45,57,81.269336186637175956
100,80,45,58,80.816767197014840463
100,80,45,59,80.38444843161028075
100,80,45,60,79.973723718293172169
100,80,45,61,79.583293564809736154
100,80,45,62,79.214419132240664112
100,80,45,63,78.8659002002900138
100,80,45,64,78.53886970046511351
100,80,45,65,78.232320858156285226
100,80,45,66,77.947211959285809257
100,80,45,67,77.682681724619143893
100,80,45,68,77.440328022645331885
100,80,45,69,77.218551006876424481
100,80,45,70,77.018107455643303183
100,80,45,71,76.838378145484625747
100,80,45,72,76.679995987700408477
100,80,45,73,76.542917288554363608
100,80,45,74,76.42710416175565058
100,80,45,75,76.332524548407093334
100,80,45,76,76.259152231713244419
100,80,45,77,76.206852823923938445
100,80,45,78,76.175842536404118732
100,80,45,79,76.166112677903413442
100,80,45,80,76.177624340351187016
100,80,45,81,76.210300299083229447
100,80,45,82,76.264369051054202941
100,80,45,83,76.339742975893940979
100,80,45,84,76.436443170816744441
100,80,45,85,76.554126282635692746
100,80,45,86,76.693078057040992235
100,80,45,87,76.853336913456615775
100,80,45,88,77.034326032068378254
100,80,45,89,77.236598343722050686
100,80,45,90,77.460208905362279097
100,80,45,91,77.705169719357172653
100,80,45,92,77.970705854678953983
100,80,45,93,78.257660020679097101
100,80,45,94,78.566060733159261531
100,80,45,95,78.895990726944219773
100,80,45,96,79.245260629997488877
100,80,45,97,79.615998064202514684
100,80,45,98,80.007000236741163235
100,80,45,99,80.418131624547541492
100,120,45,1,102.96461547113216284
100,120,45,2,102.41069732166640449
100,120,45,3,101.88179012415804436
100,120,45,4,101.37620292324223215
100,120,45,5,100.89706918377170553
100,120,45,6,100.44118442704211702
100,120,45,7,100.01004470985557759
100,120,45,8,99.602243104570177934
100,120,45,9,99.217956364541223024
100,120,45,10,98.858400833239286953
100,120,45,11,98.523488642795783221
100,120,45,12,98.21319435934803721
100,120,45,13,97.926530614204921221
100,120,45,14,97.66364267235422858
100,120,45,15,97.425436217221417223
100,120,45,16,97.212471724087663461
100,120,45,17,97.023939088977641632
100,120,45,18,96.859326776175819873
100,120,45,19,96.718749829905760862
100,120,45,20,96.602753386587181694
100,120,45,21,96.511597255971352638
100,120,45,22,96.444833303278841186
100,120,45,23,96.40236829212058467
100,120,45,24,96.384403424177065745
100,120,45,25,96.390934116310134527
100,120,45,26,96.421863839984894184
100,120,45,27,96.477163078865146417
100,120,45,28,96.556845801135096963
100,120,45,29,96.661320782834664556
100,120,45,30,96.790361693343513139
100,120,45,31,96.944001355368683903
100,120,45,32,97.121714034873747323
100,120,45,33,97.323272416696397613
100,120,45,34,97.549290360097046459
100,120,45,35,97.799823906249329752
100,120,45,36,98.07487828081653447
100,120,45,37,98.374578597088955689
100,120,45,38,98.697907395962559463
100,120,45,39,99.04584051467473671
100,120,45,40,99.418518875707491134
100,120,45,41,99.814649086583813187
100,120,45,42,100.23551521503976858
100,120,45,43,100.67978632211382717
100,120,45,44,101.14880413612671362
100,120,45,45,101.64273442178838991
100,120,45,46,102.15996633090024659
100,120,45,47,102.70215091450147327
100,120,45,48,103.26569129551052129
100,120,45,49,103.85415129115899902
100,120,45,50,104.46561398550511512
100,120,45,51,105.10206955721162103
100,120,45,52,105.76149828277635834
100,120,45,53,106.44606065778239667
100,120,45,54,107.15352879124586138
100,120,45,55,107.88628560974891002
100,120,45,56,108.64194416314801117
100,120,45,57,109.42038249597615618
100,120,45,58,110.22157828959170445
100,120,45,59,111.04541285353555224
100,120,45,60,111.89465015417108873
100,120,45,61,112.76654511059945207
100,120,45,62,113.66098605579159653
100,120,45,63,114.58104468204453497
100,120,45,64,115.52367937446666701
100,120,45,65,116.48878436310644702
100,120,45,66,117.47634369223867168
100,120,45,67,118.48625247176583741
100,120,45,68,119.51840811787693042
100,120,45,69,120.57279383916755933
100,120,45,70,121.64930712623369402
100,120,45,71,122.75168065734987977
100,120,45,72,123.87622691847526823
100,120,45,73,125.02284639508197017
100,120,45,74,126.19148007114601739
100,120,45,75,127.38206772543858847
100,120,45,76,128.59451018035821335
100,120,45,77,129.82874660078894635
100,120,45,78,131.08471461989938689
100,120,45,79,132.36687132063980243
100,120,45,80,133.67076899601124751
100,120,45,81,134.99634421017555042
100,120,45,82,136.33869640200344975
100,120,45,83,137.70731302010497643
100,120,45,84,139.09737311711555208
100,120,45,85,140.50877525164665371
100,120,45,86,141.94148163210024904
100,120,45,87,143.39538761909491882
100,120,45,88,144.87038901010984659
100,120,45,89,146.36644137834630897
100,120,45,90,147.88343693542441315
100,120,45,91,149.42695952707714468
100,120,45,92,150.98566246605508923
100,120,45,93,152.56503891249394655
100,120,45,94,154.16500417696045133
100,120,45,95,155.79152700575409085
100,120,45,96,157.43862607011647015
100,120,45,97,159.10621249249479092
100,120,45,98,160.78781455253346167
100,120,45,99,162.48302313827804255
110,90,45,1,150.3819150164256655
110,90,45,2,148.76290685731120789
110,90,45,3,147.16268609565463521
110,90,45,4,145.58134167982424856
110,90,45,5,144.01895980745530323
110,90,45,6,142.47564741138612021
110,90,45,7,140.95148719800928916
110,90,45,8,139.44655920344965239
110,90,45,9,137.96639397587344433
110,90,45,10,136.50546601281010339
110,90,45,11,135.06385129490809049
110,90,45,12,133.63646778064804721
110,90,45,13,132.22874081982365624
110,90,45,14,130.84073915711641689
110,90,45,15,129.47744309079212144
110,90,45,16,128.13386461435925412
110,90,45,17,126.81006930727609472
110,90,45,18,125.50612053089103881
110,90,45,19,124.22211030777724261
110,90,45,20,122.95809977244013567
110,90,45,21,121.7097910310411919
110,90,45,22,120.48606379414529499
110,90,45,23,119.28254151375539038
110,90,45,24,118.09931343197072806
110,90,45,25,116.93640101732074754
110,90,45,26,115.79389131281877212
110,90,45,27,114.67571447784256122
110,90,45,28,113.5741309195479829
110,90,45,29,112.4931425845259696
110,90,45,30,111.43280001987187688
110,90,45,31,110.39319045629193283
110,90,45,32,109.37778753877879012
110,90,45,33,108.38306508502003567
110,90,45,34,107.40911287939772478
110,90,45,35,106.45594251938825892
110,90,45,36,105.52364362753520766
110,90,45,37,104.6123079029197811
110,90,45,38,103.72194580451898105
110,90,45,39,102.85264963313905184
110,90,45,40,102.00728729425557617
110,90,45,41,101.18295113704655819
110,90,45,42,100.37973876723376065
110,90,45,43,99.597706256231077759
110,90,45,44,98.836910199171299496
110,90,45,45,98.099831733949955037
110,90,45,46,97.384011420234742218
110,90,45,47,96.689511637338085848
110,90,45,48,96.0163959241015732
110,90,45,49,95.366844994819004455
110,90,45,50,94.738720544637118337
110,90,45,51,94.134009281493561616
110,90,45,52,93.550732243688003109
110,90,45,53,92.990778414662031537
110,90,45,54,92.450591056040451576
110,90,45,55,91.933737556949424174
110,90,45,56,91.438555867491615459
110,90,45,57,90.966648292002517451
110,90,45,58,90.516461144446566323
110,90,45,59,90.089455608727945446
110,90,45,60,89.684285982631124057
110,90,45,61,89.302223223581350453
110,90,45,62,88.942078565883591068
110,90,45,63,88.605036242643009814
110,90,45,64,88.29001268049185569
110,90,45,65,87.998054941103418969
110,90,45,66,87.729088157970892325
110,90,45,67,87.483043178956947372
110,90,45,68,87.259856577174005565
110,90,45,69,87.058888563493667334
110,90,45,70,86.880796144524666147
110,90,45,71,86.725095466289573665
110,90,45,72,86.592728200738349642
110,90,45,73,86.482821626588190611
110,90,45,74,86.396040390817375965
110,90,45,75,86.331812284738418839
110,90,45,76,86.29044903714201098
110,90,45,77,86.271885704304779097
110,90,45,78,86.276171375299767874
110,90,45,79,86.303307190331722154
110,90,45,80,86.353246321158650289
110,90,45,81,86.426055986721863178
110,90,45,82,86.521399592522286071
110,90,45,83,86.639905805899573465
110,90,45,84,86.780857968086621668
110,90,45,85,86.945185375656635074
110,90,45,86,87.131894149386852177
110,90,45,87,87.34149757670377312
110,90,45,88,87.573313392006511435
110,90,45,89,87.828010879876870831
110,90,45,90,88.105655608416427071
110,90,45,91,88.406318923007276567
110,90,45,92,88.730077817300383458
110,90,45,93,89.075859502041907945
110,90,45,94,89.443548448689583097
110,90,45,95,89.834335432682124178
110,90,45,96,90.24826645685604376
110,90,45,97,90.683993927035714933
110,90,45,98,91.141469702022490651
110,90,45,99,91.618948882826970248
120,100,45,1,162.45715772454946091
120,100,45,2,160.74959147028565098
120,100,45,3,159.0685861806502146
120,100,45,4,157.40159658339325688
120,100,45,5,155.75509210184529252
120,100,45,6,154.12916160238978591
120,100,45,7,152.52978424441715788
120,100,45,8,150.95099346829783826
120,100,45,9,149.39287394058706582
120,100,45,10,147.84993460984486546
120,100,45,11,146.33351788761902412
120,100,45,12,144.83804206650779633
120,100,45,13,143.36361492786812732
120,100,45,14,141.91028088122538975
120,100,45,15,140.47814412787002425
120,100,45,16,139.06730931446799104
120,100,45,17,137.67781420674873516
120,100,45,18,136.30976024995010221
120,100,45,19,134.96796643134680949
120,100,45,20,133.64294926111134032
120,100,45,21,132.33960731303739067
120,100,45,22,131.05800402384076619
120,100,45,23,129.80258519327719569
120,100,45,24,128.56889569908656767
120,100,45,25,127.35699791278538839
120,100,45,26,126.16695267975018169
120,100,45,27,124.9988591937741802
120,100,45,28,123.85277769629021805
120,100,45,29,122.72876721176825754
120,100,45,30,121.62692728421905031
120,100,45,31,120.55094363472730379
120,100,45,32,119.49708544600323989
120,100,45,33,118.4654552581693423
120,100,45,34,117.45270653077285772
120,100,45,35,116.46574092698072889
120,100,45,36,115.50122686352433732
120,100,45,37,114.56232907963159562
120,100,45,38,113.64278597125949943
120,100,45,39,112.74885696217212683
120,100,45,40,111.87747212610233305
120,100,45,41,111.02874317754333333
120,100,45,42,110.20541356703850511
120,100,45,43,109.40472107568639615
120,100,45,44,108.62678444633230868
120,100,45,45,107.87162604313178349
120,100,45,46,107.13936787926535033
120,100,45,47,106.43239534536024848
120,100,45,48,105.74832721538879809
120,100,45,49,105.0893898363214447
120,100,45,50,104.45342440681370988
120,100,45,51,103.8424491267857519
120,100,45,52,103.25447549044223194
120,100,45,53,102.69141892220073942
120,100,45,54,102.14971881451585034
120,100,45,55,101.63296899693720832
120,100,45,56,101.13952006928170135
120,100,45,57,100.67098142316750398
120,100,45,58,100.22581864291241516
120,100,45,59,99.805490207208720221
120,100,45,60,99.40989525553324313
120,100,45,61,99.038938514901303733
120,100,45,62,98.691478182727223611
120,100,45,63,98.368620598167296976
120,100,45,64,98.069391534763141749
120,100,45,65,97.794807056908496179
120,100,45,66,97.544004029300012348
120,100,45,67,97.318512510361330214
120,100,45,68,97.117479238598534153
120,100,45,69,96.940854274955285064
120,100,45,70,96.787682383670173181
120,100,45,71,96.659108567865999362
120,100,45,72,96.555100119631191546
120,100,45,73,96.47588201310787781
120,100,45,74,96.42104706665143965
120,100,45,75,96.390542899122493736
120,100,45,76,96.384535861923694711
120,100,45,77,96.403024422327888487
120,100,45,78,96.445877229236373296
120,100,45,79,96.513105617820528437
120,100,45,80,96.604726568271587439
120,100,45,81,96.721189800007209669
120,100,45,82,96.862234157467966611
120,100,45,83,97.027895495060377584
120,100,45,84,97.216952665291032076
120,100,45,85,97.430442930594736595
120,100,45,86,97.668419268850897197
120,100,45,87,97.931777957998406237
120,100,45,88,98.21891226221622162
120,100,45,89,98.529676989537605891
120,100,45,90,98.865061154038158975
120,100,45,91,99.225090279778299873
120,100,45,92,99.609852344810050795
120,100,45,93,100.01812959633878108
120,100,45,94,100.44974537148223703
120,100,45,95,100.90610821387208773
120,100,45,96,101.38572062981226907
120,100,45,97,101.89179029677322319
120,100,45,98,102.42118073631759501
120,100,45,99,102.97189191341635706
180,200,22.5,1,168.28070279589007896
180,200,22.5,2,168.33037713233215982
180,200,22.5,3,168.39052560778881684
180,200,22.5,4,168.46154009832051202
180,200,22.5,5,168.5429683844478177
180,200,22.5,6,168.63534097942203971
180,200,22.5,8,168.85182368089587612
180,200,22.5,9,168.97587867064387979
180,200,22.5,10,169.11058251434849353
180,200,22.5,11,169.25547457018873843
180,200,22.5,12,169.41150172731551038
180,200,22.5,13,169.57820506863049559
180,200,22.5,14,169.75559507031860562
180,200,22.5,15,169.94307577406942755
180,200,22.5,16,170.14120539692041234
180,200,22.5,17,170.34999623459989948
180,200,22.5,18,170.56946123168495433
180,200,22.5,19,170.7996139762248049
180,200,22.5,20,171.040468703569843
180,200,22.5,21,171.29204029349997995
180,200,22.5,23,171.82739678446918674
180,200,22.5,24,172.11027045596969742
180,200,22.5,26,172.70819975744385033
180,200,22.5,27,173.0232669289189289
180,200,22.5,28,173.34911099434987136
180,200,22.5,30,174.03088542207314049
180,200,22.5,31,174.38791364963174146
180,200,22.5,32,174.7557145107081169
180,200,22.5,33,175.13431009111255321
180,200,22.5,34,175.52245317365921551
180,200,22.5,35,175.92137429272136728
180,200,22.5,36,176.33109702388705387
180,200,22.5,37,176.75024554037878488
180,200,22.5,38,177.18018174747925286
180,200,22.5,39,177.62093065450665108
180,200,22.5,40,178.07249406325058771
180,200,22.5,41,178.53492210440475674
180,200,22.5,42,179.00666394066624321
180,200,22.5,43,179.48923726444081694
180,200,22.5,44,179.98104441444999679
180,200,22.5,45,180.48535972092659563
180,200,22.5,46,180.99887054758070803
180,200,22.5,48,182.05679615071997546
180,200,22.5,49,182.60301136472011763
180,200,22.5,50,183.15833336461690806
180,200,22.5,51,183.72459298972913189
180,200,22.5,52,184.29988449597311728
180,200,22.5,53,184.88608897152153077
180,200,22.5,55,186.09141081557532971
180,200,22.5,56,186.71057144388294091
180,200,22.5,57,187.33656003158120029
180,200,22.5,58,187.97349501277975037
180,200,22.5,59,188.62141020334900077
180,200,22.5,60,189.28031809082602877
180,200,22.5,61,189.94800916577091243
180,200,22.5,62,190.62671816726847851
180,200,22.5,63,191.31645886432028192
180,200,22.5,64,192.01726731286493077
180,200,22.5,65,192.72678657366560628
180,200,22.5,66,193.44492724994589139
180,200,22.5,67,194.17411042707644242
180,200,22.5,68,194.91184648256637502
180,200,22.5,69,195.66317436881655567
180,200,22.5,70,196.42305511814211627
180,200,22.5,72,197.97350898649312967
180,200,22.5,73,198.76409019160323055
180,200,22.5,74,199.56582178126433291
180,200,22.5,75,200.37595219591432283
180,200,22.5,76,201.19724210894739258
180,200,22.5,77,202.02686404801622189
180,200,22.5,78,202.86763511066064325
180,200,22.5,79,203.71667154133541544
180,200,22.5,81,205.44826181159024259
180,200,22.5,82,206.33089666590856837
180,200,22.5,83,207.22171501997712539
180,200,22.5,84,208.12064823109449208
180,200,22.5,85,209.03080227942831471
180,200,22.5,86,209.95219954576660371
180,200,22.5,87,210.88488181244784414
180,200,22.5,88,211.82232530740694187
180,200,22.5,89,212.77099328810186307
180,200,22.5,90,213.73092744143096411
180,200,22.5,91,214.70215177913058824
180,200,22.5,92,215.68127760641601753
180,200,22.5,93,216.6682347462411542
180,200,22.5,94,217.6664633386621972
180,200,22.5,95,218.67600591818148814
180,200,22.5,96,219.69690531200788541
180,200,22.5,98,221.76188961313590653
180,200,22.5,99,222.80210472916584763
190,210,22.5,1,178.59848656423201874
190,210,22.5,2,178.63351131631281987
190,210,22.5,3,178.67960301989793948
190,210,22.5,4,178.73673781297287633
190,210,22.5,5,178.80491923827656819
190,210,22.5,6,178.88389586949008958
190,210,22.5,7,178.97418375228872378
190,210,22.5,8,179.07553293288248142
190,210,22.5,9,179.18794968595807404
190,210,22.5,10,179.31104245635069105
190,210,22.5,11,179.44515475521802728
190,210,22.5,12,179.59029479100254889
190,210,22.5,13,179.74647144133786014
190,210,22.5,14,179.91369425096553414
190,210,22.5,15,180.09197343279043935
190,210,22.5,16,180.28131986505641748
190,210,22.5,17,180.48174509039583313
190,210,22.5,18,180.69326131576175953
190,210,22.5,19,180.91588141033247439
190,210,22.5,20,181.1496189044429741
190,210,22.5,21,181.39448798821860009
190,210,22.5,22,181.64964828713479505
190,210,22.5,23,181.91590706496856455
190,210,22.5,24,182.1923530785254286
190,210,22.5,25,182.48080389682851887
190,210,22.5,26,182.77940361021506988
190,210,22.5,27,183.0901153916447015
190,210,22.5,28,183.41094005317722804
190,210,22.5,29,183.74287880310080823
190,210,22.5,30,184.08597698677752419
190,210,22.5,31,184.44022916471661233
190,210,22.5,32,184.80565630396571919
190,210,22.5,33,185.18105191087749972
190,210,22.5,34,185.56760155338054119
190,210,22.5,35,185.96532777149622007
190,210,22.5,36,186.37425370893762988
190,210,22.5,37,186.79300339412014864
190,210,22.5,38,187.22293582644812204
190,210,22.5,39,187.66407563101222422
190,210,22.5,40,188.11642313465679877
190,210,22.5,41,188.57848252743264084
190,210,22.5,42,189.05176124388978565
190,210,22.5,43,189.53626129172437231
190,210,22.5,44,190.03201012414567117
190,210,22.5,45,190.53736564312319501
190,210,22.5,46,191.05396017605323777
190,210,22.5,47,191.58182250552820847
190,210,22.5,48,192.12098197699194202
190,210,22.5,49,192.66962501313159351
190,210,22.5,50,193.22955865096989214
190,210,22.5,51,193.79889526462039839
190,210,22.5,52,194.38144899115468434
190,210,22.5,53,194.97339336750755479
190,210,22.5,54,195.57666278318072273
190,210,22.5,55,196.1892446190523458
190,210,22.5,56,196.81314915743874394
190,210,22.5,57,197.44840960130721896
190,210,22.5,58,198.09505966422892698
190,210,22.5,59,198.75091331023986641
190,210,22.5,61,200.09452863906170705
190,210,22.5,62,200.7846033367433165
190,210,22.5,63,201.48380064374484277
190,210,22.5,64,202.1944378961881057
190,210,22.5,65,202.91412407251260674
190,210,22.5,66,203.64525375069823099
190,210,22.5,67,204.38533691293531547
190,210,22.5,68,205.13686792109419343
190,210,22.5,69,205.89727982967514208
190,210,22.5,70,206.67176591034680655
190,210,22.5,71,207.45513127606918147
190,210,22.5,72,208.25000439344768211
190,210,22.5,73,209.0536853401516737
190,210,22.5,74,209.86888092115930249
190,210,22.5,75,210.69279180477553837
190,210,22.5,76,211.5282247673260656
190,210,22.5,77,212.37230209778707035
190,210,22.5,78,213.2308453121538605
190,210,22.5,79,214.09803437200105236
190,210,22.5,81,215.86416821368183605
190,210,22.5,82,216.763122307452619
190,210,22.5,83,217.67056130801964287
190,210,22.5,85,219.51707194013445701
190,210,22.5,86,220.45613349565735462
190,210,22.5,87,221.40353935673576302
190,210,22.5,88,222.3625541994225614
190,210,22.5,89,223.33322033346695434
190,210,22.5,90,224.31558041706244921
190,210,22.5,94,228.34124244412379312
190,210,22.5,95,229.37156804155017653
190,210,22.5,96,230.41360162403785239
190,210,22.5,97,231.46738685612922382
200,180,22.5,1,222.78723003711212414
200,180,22.5,2,221.73980041037700062
200,180,22.5,3,220.70370732409708125
200,180,22.5,4,219.67529537050322119
200,180,22.5,5,218.65463550564129491
200,180,22.5,6,217.64533156179385287
200,180,22.5,7,216.64734070012522693
200,180,22.5,9,214.68173135117621086
200,180,22.5,10,213.71074373676091795
200,180,22.5,11,212.75104541760896382
200,180,22.5,12,211.80261238716997241
200,180,22.5,13,210.86540298362035628
200,180,22.5,14,209.93295555724904489
200,180,22.5,15,209.01179226761715313
200,180,22.5,16,208.10187133856729247
200,180,22.5,17,207.20317038524876807
200,180,22.5,18,206.31258424329635659
200,180,22.5,19,205.43018156103298111
200,180,22.5,20,204.55901807684108462
200,180,22.5,21,203.69905310378743479
200,180,22.5,22,202.85024633599599042
200,180,22.5,23,202.00970489593910884
200,180,22.5,24,201.18031176778740132
200,180,22.5,25,200.35925063508327071
200,180,22.5,26,199.54934819336028795
200,180,22.5,27,198.7478445602303907
200,180,22.5,28,197.95749050455788165
200,180,22.5,29,197.17824725240137695
200,180,22.5,30,196.407489354397228
200,180,22.5,31,195.64783418813294702
200,180,22.5,32,194.89673186930227189
200,180,22.5,34,193.43026074195350361
200,180,22.5,35,192.71234338063715086
200,180,22.5,36,192.00304745239449744
200,180,22.5,37,191.30246234564404517
200,180,22.5,38,190.61294425574601519
200,180,22.5,39,189.93445714585598694
200,180,22.5,40,189.26698725731910145
200,180,22.5,41,188.60830059865230623
200,180,22.5,42,187.95846551866677032
200,180,22.5,43,187.32177969655680272
200,180,22.5,44,186.69603939502343337
200,180,22.5,45,186.07918071619619127
200,180,22.5,46,185.47125026622532573
200,180,22.5,47,184.87429680775733232
200,180,22.5,50,183.14719400950434647
200,180,22.5,51,182.59208884926130168
200,180,22.5,52,182.0460905791345283
200,180,22.5,53,181.5110324506685231
200,180,22.5,54,180.98688438272387202
200,180,22.5,55,180.47361680692046093
200,180,22.5,56,179.97120071224216531
200,180,22.5,57,179.47960760629919719
200,180,22.5,58,178.99724847470102418
200,180,22.5,59,178.5257202976155213
200,180,22.5,60,178.06350609865862111
200,180,22.5,61,177.61215600241618517
200,180,22.5,62,177.17161987994424521
200,180,22.5,63,176.74189597918734762
200,180,22.5,64,176.32295927072746622
200,180,22.5,65,175.91344856434736244
200,180,22.5,66,175.51473901356334295
200,180,22.5,67,175.12680703318861219
200,180,22.5,68,174.74842279723026195
200,180,22.5,69,174.38083282945544283
200,180,22.5,70,174.02401508841572308
200,180,22.5,71,173.67797272172742851
200,180,22.5,72,173.34266040392401464
200,180,22.5,73,173.01702631936734633
200,180,22.5,74,172.70216874423408626
200,180,22.5,75,172.39804369628060954
200,180,22.5,76,172.10465751616368379
200,180,22.5,77,171.82199234897842643
200,180,22.5,78,171.54914869799753774
200,180,22.5,79,171.28705328712112532
200,180,22.5,80,171.03568992291872064
200,180,22.5,81,170.79504314036969959
200,180,22.5,82,170.56509807298021997
200,180,22.5,83,170.34584046933872514
200,180,22.5,84,170.1372567661515518
200,180,22.5,85,169.93933401867568023
200,180,22.5,86,169.75205997221297594
200,180,22.5,87,169.57487708325976428
200,180,22.5,88,169.40838065322898842
200,180,22.5,89,169.25256020616129149
200,180,22.5,90,169.10787397491773731
200,180,22.5,91,168.97337648721236292
200,180,22.5,92,168.84952768992710048
200,180,22.5,93,168.73598037321627885
200,180,22.5,94,168.63345764557087136
200,180,22.5,95,168.54129149805814336
200,180,22.5,96,168.46006890330599504
200,180,22.5,97,168.38926064756407186
200,180,22.5,98,168.3293176911524256
200,180,22.5,99,168.28011641850505953
200,220,22.5,4,189.03740819076560342
200,220,22.5,16,190.43907009455699608
200,220,22.5,27,193.16627736571615515
200,220,22.5,38,197.26638117626373514
200,220,22.5,50,203.29395120103396266
200,220,22.5,61,210.23275848049024717
200,220,22.5,73,219.3221834973330715
200,220,22.5,84,229.03317465830815536
200,220,22.5,96,241.10148871006077798
210,190,22.5,1,233.57997711866019586
210,190,22.5,2,232.50664783024998883
210,190,22.5,3,231.44508050185382331
210,190,22.5,4,230.39154313602347202
210,190,22.5,5,229.34975648576775598
210,190,22.5,6,228.31967690540614058
210,190,22.5,7,227.29771441870235549
210,190,22.5,8,226.28744801072818404
210,190,22.5,9,225.28536951450226411
210,190,22.5,10,224.29499502091417185
210,190,22.5,11,223.31287899885776937
210,190,22.5,12,222.34245603362256816
210,190,22.5,13,221.38368347555135074
210,190,22.5,14,220.4365190253572564
210,190,22.5,15,219.49769884139885789
210,190,22.5,16,218.57047670979446252
210,190,22.5,17,217.65166916912139072
210,190,22.5,18,216.7444697807398768
210,190,22.5,19,215.84575527132463435
210,190,22.5,20,214.95863930739494663
210,190,22.5,21,214.08009885764661817
210,190,22.5,22,213.21314766850611022
210,190,22.5,23,212.35484229451358829
210,190,22.5,24,211.51100117357128738
210,190,22.5,25,210.67580441223088883
210,190,22.5,26,209.85212891782290967
210,190,22.5,27,209.03716871741383443
210,190,22.5,28,208.23372235466229085
210,190,22.5,29,207.43908383079300961
210,190,22.5,30,206.65595226799635498
210,190,22.5,31,205.88170000255385617
210,190,22.5,32,205.12152034134962264
210,190,22.5,33,204.37022159663194998
210,190,22.5,34,203.63036995534136508
210,190,22.5,35,202.89947182373154533
210,190,22.5,36,202.1800164533963482
210,190,22.5,37,201.46961004246796278
210,190,22.5,38,200.77064284753149082
210,190,22.5,39,200.08079830893407802
210,190,22.5,40,199.404655224482525
210,190,22.5,41,198.73764041792946955
210,190,22.5,42,198.08201482835661977
210,190,22.5,43,197.43559288330953905
210,190,22.5,44,196.80055989031700392
210,190,22.5,45,196.17688213395453545
210,190,22.5,46,195.56452641250919555
210,190,22.5,47,194.96148321389938474
210,190,22.5,48,194.3697644175336734
210,190,22.5,49,193.78743638720879972
210,190,22.5,50,193.21832409783601747
210,190,22.5,51,192.65861489959124242
210,190,22.5,52,192.11019572712990566
210,190,22.5,53,191.57126024977557677
210,190,22.5,54,191.04362132016080977
210,190,22.5,55,190.52724962917307039
210,190,22.5,56,190.02211637027178881
210,190,22.5,57,189.52658997989905743
210,190,22.5,58,189.04231183176693776
210,190,22.5,59,188.5692544820758485
210,190,22.5,60,188.10741593779286518
210,190,22.5,61,187.65528948735135373
210,190,22.5,62,187.21437023554986467
210,190,22.5,63,186.78465786272738569
210,190,22.5,64,186.36612775912908546
210,190,22.5,65,185.95742164476567382
210,190,22.5,66,185.55991479561714641
210,190,22.5,67,185.17358407252686447
210,190,22.5,68,184.79840695933239658
210,190,22.5,69,184.43319858766923858
210,190,22.5,70,184.07916476892293645
210,190,22.5,71,183.73628454187954162
210,190,22.5,72,183.40456337358529026
210,190,22.5,73,183.0839559012569282
210,190,22.5,74,182.7734616483866148
210,190,22.5,75,182.47507839117460549
210,190,22.5,76,182.18684439185588531
210,190,22.5,77,181.9097411276186449
210,190,22.5,78,181.64372589678231407
210,190,22.5,79,181.38880874112953734
210,190,22.5,80,181.14497438455123302
210,190,22.5,81,180.91145290915113719
210,190,22.5,82,180.68904852255792548
210,190,22.5,83,180.47774777680962188
210,190,22.5,84,180.27753780161972941
210,190,22.5,85,180.08840637537349494
210,190,22.5,86,179.91034198178203951
210,190,22.5,87,179.74333375554448367
210,190,22.5,88,179.58737151110642571
210,190,22.5,89,179.44244567464593842
210,190,22.5,90,179.30854740938778491
210,190,22.5,91,179.1856685473228481
210,190,22.5,92,179.07346627037711073
210,190,22.5,93,178.97233139511689615
210,190,22.5,94,178.88225765965276537
210,190,22.5,95,178.80349446892782339
210,190,22.5,96,178.73552706182397287
210,190,22.5,97,178.6786062367320369
210,190,22.5,98,178.63272838278223276
210,190,22.5,99,178.59808890451941465
220,200,22.5,1,244.33966468720686294
220,200,22.5,2,243.24058940400084339
220,200,22.5,3,242.15371207764337669
220,200,22.5,4,241.07898786973703409
220,200,22.5,5,240.01637227212788162
220,200,22.5,6,238.96582110831707269
220,200,22.5,7,237.92367427511169353
220,200,22.5,8,236.89000806885508155
220,200,22.5,9,235.86843009226205936
220,200,22.5,10,234.85891657994716297
220,200,22.5,11,233.85797645584509041
220,200,22.5,12,232.86566496482618049
220,200,22.5,13,231.8854417384928297
220,200,22.5,14,230.91728427171912585
220,200,22.5,15,229.96112912080883461
220,200,22.5,16,229.01369434698969485
220,200,22.5,17,228.07827387592067225
220,200,22.5,18,227.15164782611481087
220,200,22.5,19,226.23702744228504002
220,200,22.5,20,225.33437098878150096
220,200,22.5,21,224.44060392808094662
220,200,22.5,22,223.55879300299940837
220,200,22.5,23,222.68594580913392633
220,200,22.5,24,221.82506923122275566
220,200,22.5,25,220.97323092802889732
220,200,22.5,26,220.13335636239659721
220,200,22.5,27,219.30540546288460746
220,200,22.5,28,218.48933860208049396
220,200,22.5,29,217.68240887992098465
220,200,22.5,30,216.88735804335459534
220,200,22.5,31,216.10152008992551487
220,200,22.5,32,215.32757941012843617
220,200,22.5,33,214.56292785018030145
220,200,22.5,34,213.81016982530394444
220,200,22.5,35,213.06926772785158164
220,200,22.5,36,212.34018443962673928
220,200,22.5,37,211.6228833270408245
220,200,22.5,38,210.91498033045874649
220,200,22.5,39,210.21885866120800301
220,200,22.5,40,209.53221386834621853
220,200,22.5,41,208.85737443837135174
220,200,22.5,42,208.19209142344851671
220,200,22.5,43,207.53861493268553318
220,200,22.5,44,206.89691076915480039
220,200,22.5,45,206.26694526825582443
220,200,22.5,46,205.64868527096319895
220,200,22.5,47,205.04010397322255699
220,200,22.5,48,204.44323289566847279
220,200,22.5,49,203.85612369619971673
220,200,22.5,50,203.28263314514609306
220,200,22.5,51,202.71891965096429544
220,200,22.5,52,202.16688582705214117
220,200,22.5,53,201.62471479035809807
220,200,22.5,54,201.09423256797586532
220,200,22.5,55,200.57541003234015875
220,200,22.5,56,200.06821866083018335
220,200,22.5,57,199.57263047000924416
220,200,22.5,58,199.08704840324116958
220,200,22.5,59,198.61308301264475062
220,200,22.5,60,198.14921454786562549
220,200,22.5,61,197.69845883997865599
220,200,22.5,62,197.25782488728657427
220,200,22.5,63,196.82879836780347205
220,200,22.5,64,196.4099877532817402
220,200,22.5,65,196.00410655305580576
220,200,22.5,66,195.60976158169955852
220,200,22.5,67,195.22693041476043163
220,200,22.5,68,194.85318515734877565
220,200,22.5,69,194.49104355259450472
220,200,22.5,70,194.14048456193881975
220,200,22.5,71,193.80259103017147027
220,200,22.5,72,193.47617380407476162
220,200,22.5,73,193.16021241463718638
220,200,22.5,74,192.85575604236015579
220,200,22.5,75,192.56186029666790205
220,200,22.5,76,192.28041641531615369
220,200,22.5,77,192.00957421546780779
220,200,22.5,78,191.75026227124067191
220,200,22.5,79,191.50243806125098445
220,200,22.5,80,191.26611405905137531
220,200,22.5,81,191.04127628932491234
220,200,22.5,82,190.82788412467726857
220,200,22.5,83,190.62595212818669665
220,200,22.5,84,190.43546836262106581
220,200,22.5,85,190.25584042570341126
220,200,22.5,86,190.08770378415849223
220,200,22.5,87,189.93104831422866141
220,200,22.5,88,189.78586460126604152
220,200,22.5,89,189.65214396740239522
220,200,22.5,90,189.52987832531064782
220,200,22.5,91,189.41906025878827791
220,200,22.5,92,189.31968317233798871
220,200,22.5,93,189.23174104816422414
220,200,22.5,94,189.15522855649930989
220,200,22.5,95,189.09014116152860652
220,200,22.5,96,189.03647485531391226
220,200,22.5,97,188.99422645162135836
220,200,22.5,98,188.96339331959217134
220,200,22.5,99,188.94400892911528445
